,,100.00%,General Margin,20%,Overall,,,,,,80.00%,Ads,,,,3.00%,Review,,,,3.00%,Social,,,,12.00%,Promo/Deal,,,,2.00%,Photo/Video,,,,,,,,,
Name,ASIN,Parent ASIN,SKU,Total Gross Sales,Profit,Gross Margin,Target Margin,Targeted Profit,Real Margin,Total Balance,Portion,Budget,Actual,Gain,Balance,Portion,Budget,Actual,Gain,Balance,Portion,Budget,Actual,Gain,Balance,Portion,Budget,Actual,Gain,Balance,Portion,Budget,Actual,Gain,Balance,Ads,Review,Social,Promo,Photo,TOTAL
"MP2 Heated Sherpa Throw Blanket Electric Lap Blanket 50"" x 60"" with 3 Heating Levels 2 Hours Auto Off for Home and Office Use Machine Washable UL Cert",B07ZVRF42Y,B07ZVSVKPV,MPT54-0006,"$2,691.43",$617.11,28.56%,,$538.29,22.93%,$(242.41),,$184.20,$100.47,$83.73,$(319.96),,$6.91,,$6.91,$29.79,,$6.91,,$6.91,$29.79,,$27.63,$50.96,$(23.33),$(1.88),,$4.61,,$4.61,$19.86,80.00%,3.00%,3.00%,12.00%,2.00%,100.00%
"MP2 Heated Mattress Pad California King with 5 Heat Settings and 10 Hours Auto Shut Off Dual Controllers Electric Mattress Cover | Fit up to 18"" Bed W",B07ZVR43BX,B07ZVST8TQ,MPT55-0060,"$1,675.40",$948.98,62.65%,,$335.08,56.64%,"$1,158.29",,$571.63,$72.14,$499.49,"$1,143.16",,$21.44,,$21.44,$55.71,,$21.44,,$21.44,$55.71,,$85.75,$28.50,$57.25,$(133.42),,$14.29,,$14.29,$37.14,80.00%,3.00%,3.00%,12.00%,2.00%,100.00%
"MP2 Heated Sherpa Plush Throw  Electric Lap Blanket 50"" x 60"" with 3 Heating Levels | 2 Hours Auto Off  UL Certified EMF Radiation Safe  Machine Washa",B07ZVQ3JS2,B07ZVSVKPV,MPT54-0005,"$1,048.18",$289.66,41.03%,,$209.64,27.63%,$(331.36),,$176.36,$83.09,$93.27,$(340.13),,$6.61,,$6.61,$27.11,,$6.61,,$6.61,$27.11,,$26.45,$57.33,$(30.88),$(63.54),,$4.41,,$4.41,$18.08,80.00%,3.00%,3.00%,12.00%,2.00%,100.00%
"MP2 Heated Sherpa Plush Throw  Electric Lap Blanket 50"" x 60"" with 3 Heating Levels | 2 Hours Auto Off  UL Certified EMF Radiation Safe  Machine Washa",B07ZVM99MJ,B07ZVSVKPV,MPT54-0002,"$1,504.82",$382.95,29.39%,,$300.96,25.45%,$307.19,,$112.99,$17.84,$95.15,$288.95,,$4.24,,$4.24,$17.55,,$4.24,,$4.24,$17.55,,$16.95,$41.41,$(24.46),$(28.55),,$2.82,,$2.82,$11.70,80.00%,3.00%,3.00%,12.00%,2.00%,100.00%
"MP2 Heated Sherpa Throw Blanket Electric Lap Blanket 50"" x 60"" with 3 Heating Levels 2 Hours Auto Off for Home and Office Use Machine Washable UL Cert",B07ZVQGLL9,B07ZVSVKPV,MPT54-0003,"$1,695.77",$299.15,30.42%,,$339.15,17.64%,$(149.12),,$141.36,$140.27,$1.09,$(133.14),,$5.30,,$5.30,$22.91,,$5.30,,$5.30,$22.91,,$21.20,$76.44,$(55.24),$(77.07),,$3.53,,$3.53,$15.27,80.00%,3.00%,3.00%,12.00%,2.00%,100.00%
"MP2 Heated Electric Throw Blanket with Dual Foot Pockets 3 Heating Levels 2 Hours Shutt Off Foot Throw 50"" x 62"" Plush Microlight  Machine Washable UL",B07ZVRMHC5,B07ZVSVKPV,MPT54-0056,"$1,055.78",$197.67,44.17%,,$211.16,18.72%,$439.35,,$204.17,$225.50,$(21.33),$321.03,,$7.66,,$7.66,$40.43,,$7.66,,$7.66,$40.43,,$30.63,$43.20,$(12.57),$10.51,,$5.10,,$5.10,$26.95,80.00%,3.00%,3.00%,12.00%,2.00%,100.00%
"MP2 Heated Mattress Pad King with 5 Heat Settings and 10 Hours Auto Shut Off Dual Controllers Electric Mattress Cover | Fit up to 18"" Bed Warmer with",B07ZVSSFR4,B07ZVST8TQ,MPT55-0059,"$8,644.09","$2,749.84",42.86%,,"$1,728.82",31.81%,"$3,692.59",,"$1,581.08",$428.08,"$1,153.00","$3,863.38",,$59.29,,$59.29,$187.19,,$59.29,,$59.29,$187.19,,$237.16,$527.25,$(290.09),$(669.96),,$39.53,,$39.53,$124.79,80.00%,3.00%,3.00%,12.00%,2.00%,100.00%
"MP2 Heated Sherpa Plush Throw  Electric Lap Blanket 50"" x 60"" with 3 Heating Levels | 2 Hours Auto Off  UL Certified EMF Radiation Safe  Machine Washa",B07ZVQRDX9,B07ZVSVKPV,MPT54-0007,"$2,386.41",$402.61,23.81%,,$477.28,16.87%,"$(1,174.51)",,$72.64,$149.56,$(76.92),"$(1,208.21)",,$2.72,,$2.72,$14.13,,$2.72,,$2.72,$14.13,,$10.90,$15.92,$(5.02),$(3.98),,$1.82,,$1.82,$9.42,80.00%,3.00%,3.00%,12.00%,2.00%,100.00%
"MP2 Waterproof Mattress Protector Pad King Size Bed Mattress Cover for Moving 100% Breathable Cooling Cotton Terry  Deep Pocket Fits 4""-21""  Stain Rel",B07S881DZS,B07VQDH1CH,MPT16-0034,"$1,471.54",$432.65,31.23%,,$294.31,29.40%,"$1,571.32",,$132.25,$26.97,$105.28,"$1,230.08",,$4.96,,$4.96,$51.18,,$4.96,,$4.96,$51.18,,$19.84,$0.00,$19.84,$204.74,,$3.31,,$3.31,$34.12,80.00%,3.00%,3.00%,12.00%,2.00%,100.00%
"MP2 Heated Mattress Pad Queen with 5 Heat Settings and 10 Hours Auto Shut Off Dual Controllers Electric Mattress Cover | Fit up to 18"" Bed Warmer with",B07ZVSGL5J,B07ZVST8TQ,MPT55-0058,"$4,950.84","$1,396.92",47.20%,,$990.17,28.22%,$986.55,,"$1,077.32",$672.14,$405.18,$984.29,,$40.40,,$40.40,$103.61,,$40.40,,$40.40,$103.61,,$161.60,$267.75,$(106.15),$(274.04),,$26.93,,$26.93,$69.08,80.00%,3.00%,3.00%,12.00%,2.00%,100.00%
MP2 Fuzzy Fleece Sherpa Leopard Print Throw Blankets - Cozy Soft Plush Flannel Blanket for Sofa  Couch  Bed  Travel - 50x60 Inches,B07W6YX6NP,B083XKBQQB,MPT51-0099,$942.59,$171.79,26.20%,,$188.52,18.23%,$24.71,,$46.75,$75.16,$(28.41),$(35.32),,$1.75,,$1.75,$9.00,,$1.75,,$1.75,$9.00,,$7.01,$0.00,$7.01,$36.02,,$1.17,,$1.17,$6.00,80.00%,3.00%,3.00%,12.00%,2.00%,100.00%
"MP2 Heated Mattress Pad Twin with 5 Heat Settings and 10 Hours Auto Shut Off Single Controller Electric Mattress Cover | Fit up to 18"" Bed Warmer with",B07ZVTGW6Z,B07ZVST8TQ,MPT55-0051,"$2,199.60",$529.80,44.84%,,$439.92,24.09%,$191.80,,$437.09,$361.94,$75.15,$164.68,,$16.39,,$16.39,$31.29,,$16.39,,$16.39,$31.29,,$65.56,$94.54,$(28.98),$(56.31),,$10.93,,$10.93,$20.86,80.00%,3.00%,3.00%,12.00%,2.00%,100.00%
MP2 Sherpa Fleece Blanket Twin Size Fuzzy Soft Cozy Plush Flannel Blanket for Sofa  Couch  Bed  Outdoor  Travel - 66x90 Inches  Pink,B07W837CNM,B083XKBQQB,MPT51-0082,$449.85,$104.93,29.03%,,$89.97,23.33%,$(50.23),,$32.49,$25.65,$6.84,$(53.37),,$1.22,,$1.22,$0.47,,$1.22,,$1.22,$0.47,,$4.87,$0.00,$4.87,$1.88,,$0.81,,$0.81,$0.31,80.00%,3.00%,3.00%,12.00%,2.00%,100.00%
"MP2 Heated Sherpa Plush Throw  Electric Lap Blanket 50"" x 60"" with 3 Heating Levels | 2 Hours Auto Off  UL Certified EMF Radiation Safe  Machine Washa",B07ZVQKN3R,B07ZVSVKPV,MPT54-0004,"$2,508.38",$520.57,30.32%,,$501.68,20.75%,$(65.49),,$207.03,$188.94,$18.09,$(96.98),,$7.76,,$7.76,$25.74,,$7.76,,$7.76,$25.74,,$31.05,$50.96,$(19.91),$(37.16),,$5.18,,$5.18,$17.16,80.00%,3.00%,3.00%,12.00%,2.00%,100.00%
MP2 Soft Sherpa Fleece Grey Blanket King Size  Fuzzy Plush Cozy Flannel Reversible Blanket for Sofa  Couch  Bed - 108x90 Inches,B07W5YFKVT,B083XKBQQB,MPT51-0078,"$1,074.75",$373.02,35.93%,,$214.95,34.71%,$320.94,,$136.95,$13.12,$123.83,$251.58,,$5.14,,$5.14,$10.40,,$5.14,,$5.14,$10.40,,$20.54,$0.00,$20.54,$41.61,,$3.42,,$3.42,$6.94,80.00%,3.00%,3.00%,12.00%,2.00%,100.00%
"MP2 Heated Sherpa Plush Throw  Electric Lap Blanket 50"" x 60"" with 3 Heating Levels | 2 Hours Auto Off  UL Certified EMF Radiation Safe  Machine Washa",B07ZVQS68R,B07ZVSVKPV,MPT54-0011,"$1,232.21",$499.16,43.55%,,$246.44,40.51%,"$1,323.08",,$232.16,$5.64,$226.52,"$1,180.76",,$8.71,,$8.71,$45.23,,$8.71,,$8.71,$45.23,,$34.82,$31.85,$2.97,$21.69,,$5.80,,$5.80,$30.16,80.00%,3.00%,3.00%,12.00%,2.00%,100.00%
MP2 Sherpa Fleece Blanket Twin Size Fuzzy Soft Cozy Plush Flannel Blanket for Sofa  Couch  Bed  Outdoor  Travel - 66x90 Inches  Blue Plaid,B07W628N6Y,B083XKBQQB,MPT51-0091,$749.75,$225.87,31.62%,,$149.95,30.13%,$141.38,,$69.69,$11.19,$58.50,$107.36,,$2.61,,$2.61,$5.10,,$2.61,,$2.61,$5.10,,$10.45,$0.00,$10.45,$20.41,,$1.74,,$1.74,$3.40,80.00%,3.00%,3.00%,12.00%,2.00%,100.00%
Silk Pillowcase for Hair and Skin | 100% Mulberry Worm  Both Sides 19 Momme 600 Thread Count Pillow Cover w/Hidden Zipper - 1 Pack  Queen Size  Blush,B07WLM5LCW,B07W4VY4QQ,MPT21-0121,$298.40,$97.02,38.64%,,$59.68,32.51%,$57.64,,$44.50,$18.28,$26.22,$41.63,,$1.67,,$1.67,$2.40,,$1.67,,$1.67,$2.40,,$6.67,$0.00,$6.67,$9.61,,$1.11,,$1.11,$1.60,80.00%,3.00%,3.00%,12.00%,2.00%,100.00%
"MP2 Heated Electric Throw Blanket with Dual Foot Pockets 3 Heating Levels 2 Hours Shutt Off Foot Throw 50"" x 62"" Plush Microlight  Machine Washable UL",B07ZVR2GY5,B07ZVSVKPV,MPT54-0054,"$1,177.07",$425.54,48.68%,,$235.41,36.15%,$841.21,,$270.08,$82.67,$187.41,$782.49,,$10.13,,$10.13,$35.81,,$10.13,,$10.13,$35.81,,$40.51,$64.80,$(24.29),$(36.77),,$6.75,,$6.75,$23.87,80.00%,3.00%,3.00%,12.00%,2.00%,100.00%
"MP2 Heated Electric Throw Blanket with Dual Foot Pockets 3 Heating Levels 2 Hours Shutt Off Foot Throw 50"" x 62"" Plush Microlight  Machine Washable UL",B07ZVMRLW9,B07ZVSVKPV,MPT54-0053,"$4,177.09",$896.88,40.22%,,$835.42,21.47%,"$1,124.71",,$675.85,$564.80,$111.05,"$1,010.98",,$25.34,,$25.34,$91.08,,$25.34,,$25.34,$91.08,,$101.38,$218.55,$(117.17),$(129.16),,$16.90,,$16.90,$60.72,80.00%,3.00%,3.00%,12.00%,2.00%,100.00%
"MP2 Fleece Heated Blanket Wrap Shawl  Wearable Electric Poncho Throw with Buttons  3 Heating Settings & 2 Hours Auto Shut Off  50""x 64"" Sefoam",B07ZVQ6KHX,B07ZVSFDHF,MPT54-0107,"$1,199.76",$395.22,47.14%,,$239.95,32.94%,$339.27,,$260.47,$107.82,$152.65,$311.41,,$9.77,,$9.77,$24.05,,$9.77,,$9.77,$24.05,,$39.07,$62.50,$(23.43),$(36.28),,$6.51,,$6.51,$16.04,80.00%,3.00%,3.00%,12.00%,2.00%,100.00%
MP2 Heated Electric Blanket with 20 Heating Levels 10 Hours Auto Shutoff Dual Controllers | UL Certified EMF Radiation Safe  Machine Washable  Queen 8,B07ZVPBH81,B07ZVSVKPV,MPT54-0023,"$1,359.84",$482.13,43.85%,,$271.97,35.46%,$868.26,,$259.44,$75.88,$183.56,$771.23,,$9.73,,$9.73,$31.77,,$9.73,,$9.73,$31.77,,$38.92,$38.25,$0.67,$12.32,,$6.49,,$6.49,$21.18,80.00%,3.00%,3.00%,12.00%,2.00%,100.00%
"MP2 Heated Mattress Pad Full with 5 Heat Settings and 10 Hours Auto Shut Off Single Controller Electric Mattress Cover | Fit up to 18"" Bed Warmer with",B07ZVS5LPY,B07ZVST8TQ,MPT55-0057,"$3,054.53",$389.29,46.14%,,$610.91,12.74%,$84.82,,$638.81,$918.17,$(279.36),$(41.48),,$23.96,,$23.96,$61.41,,$23.96,,$23.96,$61.41,,$95.82,$101.96,$(6.14),$(37.46),,$15.97,,$15.97,$40.94,80.00%,3.00%,3.00%,12.00%,2.00%,100.00%
MP2 Cozy Sherpa Fleece Grey Throw Blanket for Couch - Fuzzy Soft Plush Flannel Blanket for Sofa  Bed  Outdoor  Travel - 50x60 Inches  Grey,B07W837HWN,B083XKBQQB,MPT51-0094,$491.06,$69.14,20.42%,,$98.21,14.08%,$(189.57),,$1.64,$31.12,$(29.48),$(203.55),,$0.06,,$0.06,$2.10,,$0.06,,$0.06,$2.10,,$0.25,$0.00,$0.25,$8.39,,$0.04,,$0.04,$1.40,80.00%,3.00%,3.00%,12.00%,2.00%,100.00%
"MP2 Heated Sherpa Plush Throw  Electric Lap Blanket 50"" x 60"" with 3 Heating Levels | 2 Hours Auto Off  UL Certified EMF Radiation Safe  Machine Washa",B07ZVP673B,B07ZVSVKPV,MPT54-0013,"$8,888.31","$2,098.14",35.23%,,"$1,777.66",23.61%,$(293.50),,"$1,083.15",$505.46,$577.69,$167.76,,$40.62,,$40.62,$98.65,,$40.62,,$40.62,$98.65,,$162.47,$528.00,$(365.53),$(724.32),,$27.08,,$27.08,$65.77,80.00%,3.00%,3.00%,12.00%,2.00%,100.00%
MP2 Cozy Fleece Sherpa Blanket Throw - Fuzzy Plush Flannel Blanket for Sofa  Couch  Bed  Travel - 50x60 Inches  Grey Ogee,B07WC7H5TQ,B083XKBQQB,MPT51-0098,$252.89,$24.39,18.14%,,$50.58,9.65%,$(458.61),,$(3.77),$21.47,$(25.24),$(483.45),,$(0.14),,$(0.14),$3.73,,$(0.14),,$(0.14),$3.73,,$(0.57),$0.00,$(0.57),$14.90,,$(0.09),,$(0.09),$2.48,80.00%,3.00%,3.00%,12.00%,2.00%,100.00%
MP2 Sherpa Fleece Blanket Queen Size Fuzzy Soft Cozy Plush Flannel Blanket for Sofa  Couch  Bed  Outdoor  Travel - 90x90 Inches  Blue Plaid,B07W837XXJ,B083XKBQQB,MPT51-0092,"$1,177.69",$272.72,30.16%,,$235.54,23.16%,$48.22,,$95.69,$82.43,$13.26,$9.39,,$3.59,,$3.59,$5.82,,$3.59,,$3.59,$5.82,,$14.35,$0.00,$14.35,$23.29,,$2.39,,$2.39,$3.88,80.00%,3.00%,3.00%,12.00%,2.00%,100.00%
"MP2 Heated Electric Throw Blanket with Dual Foot Pockets 3 Heating Levels 2 Hours Shutt Off Foot Throw 50"" x 62"" Plush Microlight  Machine Washable UL",B07ZVQX2WP,B07ZVSVKPV,MPT54-0055,"$1,061.76",$260.28,37.64%,,$212.35,24.51%,$337.30,,$149.83,$74.56,$75.27,$343.30,,$5.62,,$5.62,$21.78,,$5.62,,$5.62,$21.78,,$22.47,$64.80,$(42.33),$(64.09),,$3.75,,$3.75,$14.52,80.00%,3.00%,3.00%,12.00%,2.00%,100.00%
MP2 Soft Cozy Polar Fleece Blanket Queen Size - Fuzzy Plush Sherpa Flannel Blanket for Sofa  Couch  Bed - 90x90 Inches  Grey Ogee,B07W96LK85,B083XKBQQB,MPT51-0089,"$1,633.57",$333.94,25.02%,,$326.71,20.44%,$195.48,,$65.56,$74.72,$(9.16),$111.01,,$2.46,,$2.46,$12.67,,$2.46,,$2.46,$12.67,,$9.83,$0.00,$9.83,$50.68,,$1.64,,$1.64,$8.45,80.00%,3.00%,3.00%,12.00%,2.00%,100.00%
100% Mulberry Worm Silk Pillowcase  Both Sides 25 Momme 600 Thread Count Pillow Cover for Hair and Skin with Hidden Zipper - 1 Pack  Queen Size  Blush,B07W9861HK,B07W4VY4QQ,MPT21-0136,$244.93,$90.91,38.06%,,$48.99,37.12%,$175.32,,$35.38,$2.30,$33.08,$139.73,,$1.33,,$1.33,$5.34,,$1.33,,$1.33,$5.34,,$5.31,$0.00,$5.31,$21.36,,$0.88,,$0.88,$3.56,80.00%,3.00%,3.00%,12.00%,2.00%,100.00%
MP2 Sherpa Fleece Throw Blanket Fuzzy Soft Cozy Plush Flannel Blanket for Sofa  Couch  Bed  Outdoor  Travel - 50x60 Inches  Pink Blush,B07WC8CNRG,B083XKBQQB,MPT51-0096,"$1,369.01",$174.49,27.61%,,$273.80,12.75%,$(584.66),,$83.39,$203.55,$(120.16),$(644.08),,$3.13,,$3.13,$8.91,,$3.13,,$3.13,$8.91,,$12.51,$0.00,$12.51,$35.66,,$2.08,,$2.08,$5.94,80.00%,3.00%,3.00%,12.00%,2.00%,100.00%
MP2 Weighted Blanket 60 x 80 Inches 20lbs Queen Size with Removable Coolmax Cooling and Warm Cover for Hot and Cold Sleepers Heavy Blanket with Nano -,B07V3K6J26,B07V3KDRTG,MPT51-0072,$539.94,$225.30,43.12%,,$107.99,41.73%,"$2,106.12",,$99.87,$7.52,$92.35,"$1,676.75",,$3.75,,$3.75,$64.41,,$3.75,,$3.75,$64.41,,$14.98,$0.00,$14.98,$257.63,,$2.50,,$2.50,$42.94,80.00%,3.00%,3.00%,12.00%,2.00%,100.00%
Silk Pillowcase 100% Mulberry Worm  Both Sides 19 Momme 600 Thread Count Cooling Pillowcases for Hair and Skin w/Hidden Zipper - 1 Pack  Standard Size,B07W986XYY,B07W4VY4QQ,MPT21-0123,$599.80,$266.96,47.25%,,$119.96,44.51%,$270.09,,$130.75,$16.43,$114.32,$211.61,,$4.90,,$4.90,$8.77,,$4.90,,$4.90,$8.77,,$19.61,$0.00,$19.61,$35.08,,$3.27,,$3.27,$5.85,80.00%,3.00%,3.00%,12.00%,2.00%,100.00%
MP2 Sherpa Fleece Blanket King Size Fuzzy Soft Cozy Plush Flannel Blanket for Sofa  Couch  Bed  Outdoor  Travel - 108x90 Inches  Grey Ogee,B07W837MFG,B083XKBQQB,MPT51-0090,"$1,160.73",$452.05,41.42%,,$232.15,38.95%,$452.22,,$198.94,$28.77,$170.17,$349.24,,$7.46,,$7.46,$15.45,,$7.46,,$7.46,$15.45,,$29.84,$0.00,$29.84,$61.79,,$4.97,,$4.97,$10.30,80.00%,3.00%,3.00%,12.00%,2.00%,100.00%
"MP2 Fleece Heated Blanket Wrap Shawl  Wearable Electric Poncho Throw with Buttons  3 Heating Settings & 2 Hours Auto Shut Off  50""x 64"" Geo",B07ZVS4CSM,B07ZVSFDHF,MPT54-0109,$899.82,$254.18,47.52%,,$179.96,28.25%,$127.30,,$198.11,$130.92,$67.19,$40.43,,$7.43,,$7.43,$29.90,,$7.43,,$7.43,$29.90,,$29.72,$42.50,$(12.78),$7.12,,$4.95,,$4.95,$19.94,80.00%,3.00%,3.00%,12.00%,2.00%,100.00%
"MP2 Fleece Heated Blanket Wrap Shawl  Wearable Electric Poncho Throw with Buttons  3 Heating Settings & 2 Hours Auto Shut Off  50""x 64"" Grey",B07ZVSB41Z,B07ZVSFDHF,MPT54-0105,"$2,099.58",$579.46,41.72%,,$419.92,27.60%,"$1,161.01",,$364.83,$226.50,$138.33,$970.40,,$13.68,,$13.68,$65.34,,$13.68,,$13.68,$65.34,,$54.72,$70.00,$(15.28),$16.36,,$9.12,,$9.12,$43.56,80.00%,3.00%,3.00%,12.00%,2.00%,100.00%
MP2 Silk Pillowcase 100% Mulberry Worm Silk Pillow Cover for Hair and Skin Standard Size Both Side 25 Momme 600 Thread Count 1 Pack with Hidden Zipper,B07WLNGRFL,B07W4VY4QQ,MPT21-0135,$219.95,$6.18,6.05%,,$43.99,2.81%,$(37.99),,$(24.55),$7.13,$(31.68),$(39.78),,$(0.92),,$(0.92),$0.27,,$(0.92),,$(0.92),$0.27,,$(3.68),$0.00,$(3.68),$1.07,,$(0.61),,$(0.61),$0.18,80.00%,3.00%,3.00%,12.00%,2.00%,100.00%
MP2 Sherpa Fleece Throw Blanket Fuzzy Soft Cozy Plush Flannel Blanket for Sofa  Couch  Bed  Outdoor  Travel - 50x60 Inches  Pink Ogee,B07W5YDMX9,B083XKBQQB,MPT51-0103,$206.91,$41.94,22.27%,,$41.38,20.27%,$(10.25),,$3.76,$4.14,$(0.38),$(13.54),,$0.14,,$0.14,$0.49,,$0.14,,$0.14,$0.49,,$0.56,$0.00,$0.56,$1.98,,$0.09,,$0.09,$0.33,80.00%,3.00%,3.00%,12.00%,2.00%,100.00%
"MP2 Heated Sherpa Plush Throw  Electric Lap Blanket 50"" x 60"" with 3 Heating Levels | 2 Hours Auto Off  UL Certified EMF Radiation Safe  Machine Washa",B07ZVRBJL2,B07ZVSVKPV,MPT54-0008,"$1,019.76",$149.57,39.88%,,$203.95,14.67%,$30.61,,$162.14,$174.25,$(12.11),$25.29,,$6.08,,$6.08,$27.55,,$6.08,,$6.08,$27.55,,$24.32,$82.81,$(58.49),$(68.15),,$4.05,,$4.05,$18.37,80.00%,3.00%,3.00%,12.00%,2.00%,100.00%
MP2 Silk Pillowcase 100% Mulberry Worm Silk Pillow Cover for Hair and Skin King Size Both Side 19 Momme 600 Thread Count 1 Pack with Hidden Zipper and,B07W84TZ8Q,B07W4VY4QQ,MPT21-0119,$73.98,$11.08,43.03%,,$14.80,14.98%,$(161.11),,$13.63,$20.75,$(7.12),$(232.98),,$0.51,,$0.51,$10.78,,$0.51,,$0.51,$10.78,,$2.04,$0.00,$2.04,$43.12,,$0.34,,$0.34,$7.19,80.00%,3.00%,3.00%,12.00%,2.00%,100.00%
"MP2 Waterproof Mattress Protector Pad Full Size Bed Mattress Cover for Moving 100% Breathable Cooling Cotton Terry  Deep Pocket Fit 4""-17""  Stain Rele",B07S67QZH8,B07VQDH1CH,MPT16-0032,$824.67,$280.18,36.25%,,$164.93,33.97%,$31.69,,$107.23,$18.79,$88.44,$(184.62),,$4.02,,$4.02,$32.45,,$4.02,,$4.02,$32.45,,$16.08,$0.00,$16.08,$129.78,,$2.68,,$2.68,$21.63,80.00%,3.00%,3.00%,12.00%,2.00%,100.00%
MP2 Weighted Blanket 48 x 72 Inches 15lbs Twin Size with Removable Coolmax Cooling and Warm Cover for Hot and Cold Sleepers Heavy Blanket with Nano -,B07V3L8MJ2,B07V3KDRTG,MPT51-0064,$236.72,$126.10,54.79%,,$47.34,53.27%,"$1,256.22",,$65.88,$3.59,$62.29,$999.03,,$2.47,,$2.47,$38.58,,$2.47,,$2.47,$38.58,,$9.88,$0.00,$9.88,$154.32,,$1.65,,$1.65,$25.72,80.00%,3.00%,3.00%,12.00%,2.00%,100.00%
MP2 Weighted Blanket 36 x 48 Inches 5lbs with Removable Coolmax Cooling and Warm Cover for Hot and Cold Sleepers Heavy Blanket with Nano - Ceramic Bea,B07V2H4MTL,B07V3KDRTG,MPT51-0066,$69.02,$20.84,43.26%,,$13.80,30.19%,$(131.98),,$12.84,$9.02,$3.82,$(142.07),,$0.48,,$0.48,$1.51,,$0.48,,$0.48,$1.51,,$1.93,$0.00,$1.93,$6.05,,$0.32,,$0.32,$1.01,80.00%,3.00%,3.00%,12.00%,2.00%,100.00%
MP2 Fuzzy Sherpa Fleece Oversized Queen Blanket  Soft Cozy Plush Flannel Blanket for Sofa  Couch  Bed - 90x90 Inches  Pink Blush,B07WLLWCWV,B083XKBQQB,MPT51-0083,$265.93,$(31.86),25.00%,,$53.19,11.98%,$(32.86),,$10.64,$98.34,$(87.70),$(50.81),,$0.40,,$0.40,$2.69,,$0.40,,$0.40,$2.69,,$1.60,$0.00,$1.60,$10.77,,$0.27,,$0.27,$1.80,80.00%,3.00%,3.00%,12.00%,2.00%,100.00%
MP2 Sherpa Fleece Blanket Twin Size Fuzzy Soft Cozy Plush Flannel Blanket for Sofa  Couch  Bed  Outdoor  Travel - 66x90 Inches  Grey Ogee,B07W6YXH2N,B083XKBQQB,MPT51-0088,$569.81,$65.31,28.67%,,$113.96,11.46%,$(71.37),,$39.54,$98.07,$(58.53),$(84.31),,$1.48,,$1.48,$1.94,,$1.48,,$1.48,$1.94,,$5.93,$0.00,$5.93,$7.76,,$0.99,,$0.99,$1.29,80.00%,3.00%,3.00%,12.00%,2.00%,100.00%
MP2 Sherpa Fleece Throw Blanket Fuzzy Soft Cozy Plush Flannel Blanket for Sofa  Couch  Bed  Outdoor  Travel - 50x60 Inches  Grey Plaid,B07W4TCYFP,B083XKBQQB,MPT51-0101,$160.93,$46.25,32.05%,,$32.19,28.74%,$(13.60),,$15.51,$5.32,$10.19,$(14.12),,$0.58,,$0.58,$0.08,,$0.58,,$0.58,$0.08,,$2.33,$0.00,$2.33,$0.31,,$0.39,,$0.39,$0.05,80.00%,3.00%,3.00%,12.00%,2.00%,100.00%
"MP2 Fleece Heated Blanket Wrap Shawl  Wearable Electric Poncho Throw with Buttons  3 Heating Settings & 2 Hours Auto Shut Off  50""x 64"" Leopard",B07ZVSFH15,B07ZVSFDHF,MPT54-0108,"$1,099.78",$366.36,43.86%,,$219.96,33.31%,$497.84,,$209.93,$73.51,$136.42,$428.51,,$7.87,,$7.87,$26.90,,$7.87,,$7.87,$26.90,,$31.49,$42.50,$(11.01),$(2.40),,$5.25,,$5.25,$17.93,80.00%,3.00%,3.00%,12.00%,2.00%,100.00%
MP2 Silk Pillowcase 100% Mulberry Worm Silk Pillow Cover for Hair and Skin Queen Size Both Side 25 Momme 600 Thread Count 1 Pack with Hidden Zipper an,B07WCB5PVH,B07W4VY4QQ,MPT21-0133,$69.98,$22.70,35.74%,,$14.00,32.44%,$(128.35),,$8.81,$2.31,$6.50,$(200.28),,$0.33,,$0.33,$10.79,,$0.33,,$0.33,$10.79,,$1.32,$0.00,$1.32,$43.16,,$0.22,,$0.22,$7.19,80.00%,3.00%,3.00%,12.00%,2.00%,100.00%
"MP2 Fleece Heated Blanket Wrap Shawl  Wearable Electric Poncho Throw with Buttons  3 Heating Settings & 2 Hours Auto Shut Off  50""x 64"" Pink Blush",B07ZVRCPRK,B07ZVSFDHF,MPT54-0106,"$1,349.73",$424.85,45.50%,,$269.95,31.48%,"$1,028.60",,$275.35,$126.78,$148.57,$868.15,,$10.33,,$10.33,$50.69,,$10.33,,$10.33,$50.69,,$41.30,$62.50,$(21.20),$25.28,,$6.88,,$6.88,$33.80,80.00%,3.00%,3.00%,12.00%,2.00%,100.00%
MP2 Silk Pillowcase 100% Mulberry Worm Silk Pillow Cover for Hair and Skin Queen Size Both Side 25 Momme 600 Thread Count 1 Pack with Hidden Zipper an,B07W985DYQ,B07W4VY4QQ,MPT21-0127,$216.73,$69.25,31.95%,,$43.35,31.95%,$60.10,,$20.72,$0.00,$20.72,$47.89,,$0.78,,$0.78,$1.83,,$0.78,,$0.78,$1.83,,$3.11,$0.00,$3.11,$7.32,,$0.52,,$0.52,$1.22,80.00%,3.00%,3.00%,12.00%,2.00%,100.00%
"MP2 Fleece Heated Blanket Wrap Shawl  Wearable Electric Poncho Throw with Buttons  3 Heating Settings & 2 Hours Auto Shut Off  50""x 64"" Paisley",B07ZVSQCVN,B07ZVSFDHF,MPT54-0110,$849.83,$193.93,42.25%,,$169.97,22.82%,$483.57,,$151.29,$130.15,$21.14,$339.99,,$5.67,,$5.67,$36.91,,$5.67,,$5.67,$36.91,,$22.69,$35.00,$(12.31),$45.14,,$3.78,,$3.78,$24.61,80.00%,3.00%,3.00%,12.00%,2.00%,100.00%
MP2 Weighted Blanket 48 x 72 Inches 15lbs Twin Size with Removable Coolmax Cooling and Warm Cover for Hot and Cold Sleepers Heavy Blanket with Nano -,B07V3LZWKB,B07V3KDRTG,MPT51-0061,$776.46,$304.20,42.03%,,$155.29,39.18%,"$1,340.82",,$136.84,$22.14,$114.70,$729.52,,$5.13,,$5.13,$91.70,,$5.13,,$5.13,$91.70,,$20.53,$0.00,$20.53,$366.78,,$3.42,,$3.42,$61.13,80.00%,3.00%,3.00%,12.00%,2.00%,100.00%
"MP2 Waterproof Mattress Protector Pad Twin Size Bed Mattress Cover for Moving 100% Breathable Cooling Cotton Terry  Deep Pocket Fit 4""-17""  Stain Rele",B07SBD4D4R,B07VQDH1CH,MPT16-0030,"$1,007.52",$340.53,37.93%,,$201.50,33.80%,$288.69,,$144.52,$41.63,$102.89,$127.90,,$5.42,,$5.42,$24.12,,$5.42,,$5.42,$24.12,,$21.68,$0.00,$21.68,$96.48,,$3.61,,$3.61,$16.08,80.00%,3.00%,3.00%,12.00%,2.00%,100.00%
MP2 100% Mulberry Silk Pillowcases Queen Size - 19 Momme 600 Thread Count Organic Worm Silk Pillow Cover with Hidden Zipper for Protecting Hair and Sk,B07WCBH8Z6,B07W4VY4QQ,MPT21-0118,$142.40,$79.06,60.43%,,$28.48,55.52%,$(2.58),,$46.05,$6.99,$39.06,$(69.25),,$1.73,,$1.73,$10.00,,$1.73,,$1.73,$10.00,,$6.91,$0.00,$6.91,$40.00,,$1.15,,$1.15,$6.67,80.00%,3.00%,3.00%,12.00%,2.00%,100.00%
MP2 Silk Pillowcase 100% Mulberry Worm Silk Pillow Cover for Hair and Skin Standard Size Both Side 25 Momme 600 Thread Count 1 Pack with Hidden Zipper,B07WLPMDCL,B07W4VY4QQ,MPT21-0132,$149.95,$45.33,30.78%,,$29.99,30.23%,$(107.86),,$12.93,$0.82,$12.11,$(128.77),,$0.48,,$0.48,$3.14,,$0.48,,$0.48,$3.14,,$1.94,$0.00,$1.94,$12.54,,$0.32,,$0.32,$2.09,80.00%,3.00%,3.00%,12.00%,2.00%,100.00%
MP2 Silk Pillowcase 100% Mulberry Worm Silk Pillow Cover for Hair and Skin Standard Size Both Side 19 Momme 600 Thread Count 1 Pack with Hidden Zipper,B07WLLT1NR,B07W4VY4QQ,MPT21-0114,$49.92,$10.43,34.03%,,$9.98,20.89%,$11.62,,$5.60,$6.56,$(0.96),$7.37,,$0.21,,$0.21,$0.64,,$0.21,,$0.21,$0.64,,$0.84,$0.00,$0.84,$2.55,,$0.14,,$0.14,$0.42,80.00%,3.00%,3.00%,12.00%,2.00%,100.00%
MP2 Cozy Fleece Sherpa Blanket Queen Size  Soft Fuzzy Plush Flannel Reversible Blanket for Sofa  Couch  Bed - 90x90 Inches  Grey,B07W96M9RQ,B083XKBQQB,MPT51-0077,"$1,405.63",$400.26,30.17%,,$281.13,28.48%,$223.57,,$114.33,$23.77,$90.56,$161.64,,$4.29,,$4.29,$9.29,,$4.29,,$4.29,$9.29,,$17.15,$0.00,$17.15,$37.16,,$2.86,,$2.86,$6.19,80.00%,3.00%,3.00%,12.00%,2.00%,100.00%
"MP2 Waterproof Mattress Protector Pad California King Size Bed Mattress Cover for Moving 100% Breathable Cooling Cotton Terry  Deep Pocket Fits 4""-21""",B07S66KKQK,B07VQDH1CH,MPT16-0035,$917.11,$325.20,37.56%,,$183.42,35.46%,$259.67,,$128.80,$19.22,$109.58,$(249.76),,$4.83,,$4.83,$76.41,,$4.83,,$4.83,$76.41,,$19.32,$0.00,$19.32,$305.66,,$3.22,,$3.22,$50.94,80.00%,3.00%,3.00%,12.00%,2.00%,100.00%
"MP2 Heated Throw Blanket Electric Lap Blanket Faux Fur to Microlight 50"" x 60"" with 3 Heating Levels 2 Hours Auto Off Machine Washable UL Certified  E",B07ZVQ9TLD,B07ZVSVKPV,MPT54-0012,"$1,019.76",$116.64,31.41%,,$203.95,11.44%,$604.91,,$93.04,$133.55,$(40.51),$606.31,,$3.49,,$3.49,$38.49,,$3.49,,$3.49,$38.49,,$13.96,$70.07,$(56.11),$(104.03),,$2.33,,$2.33,$25.66,80.00%,3.00%,3.00%,12.00%,2.00%,100.00%
MP2 Sherpa Fleece Throw Blanket Fuzzy Soft Cozy Plush Flannel Blanket for Sofa  Couch  Bed  Outdoor  Travel - 50x60 Inches  Blue Plaid,B07W837Q84,B083XKBQQB,MPT51-0100,$206.91,$32.36,30.39%,,$41.38,15.64%,$(140.54),,$17.21,$30.53,$(13.32),$(139.86),,$0.65,,$0.65,$(0.10),,$0.65,,$0.65,$(0.10),,$2.58,$0.00,$2.58,$(0.41),,$0.43,,$0.43,$(0.07),80.00%,3.00%,3.00%,12.00%,2.00%,100.00%
MP2 Sherpa Fleece Blanket Twin Size Fuzzy Soft Cozy Plush Flannel Blanket for Sofa  Couch  Bed  Outdoor  Travel - 66x90 Inches  Grey,B07WC83971,B083XKBQQB,MPT51-0076,$509.83,$23.36,4.96%,,$101.97,4.58%,$(36.39),,$(61.33),$1.95,$(63.28),$(30.61),,$(2.30),,$(2.30),$(0.87),,$(2.30),,$(2.30),$(0.87),,$(9.20),$0.00,$(9.20),$(3.46),,$(1.53),,$(1.53),$(0.58),80.00%,3.00%,3.00%,12.00%,2.00%,100.00%
"MP2 Waterproof Mattress Protector Pad Queen Size Bed Mattress Cover for Moving 100% Breathable Cooling Cotton Terry  Deep Pocket Fits 4""-21""  Stain Re",B07S669VPW,B07VQDH1CH,MPT16-0033,"$1,889.30",$656.13,36.02%,,$377.86,34.73%,$21.32,,$242.16,$24.43,$217.73,$(211.63),,$9.08,,$9.08,$34.94,,$9.08,,$9.08,$34.94,,$36.32,$0.00,$36.32,$139.77,,$6.05,,$6.05,$23.29,80.00%,3.00%,3.00%,12.00%,2.00%,100.00%
MP2 Sherpa Fleece Blanket King Size Fuzzy Soft Cozy Plush Flannel Blanket for Sofa  Couch  Bed  Outdoor  Travel - 108x90 Inches  Pink Blush,B07W6YYH8P,B083XKBQQB,MPT51-0084,$157.05,$65.40,49.28%,,$31.41,41.64%,$135.80,,$36.78,$11.99,$24.79,$98.27,,$1.38,,$1.38,$5.63,,$1.38,,$1.38,$5.63,,$5.52,$0.00,$5.52,$22.52,,$0.92,,$0.92,$3.75,80.00%,3.00%,3.00%,12.00%,2.00%,100.00%
MP2 Weighted Blanket 60 x 80 Inches 25lbs Queen Size with Removable Coolmax Cooling and Warm Cover for Hot and Cold Sleepers Heavy Blanket with Nano -,B07V5N4WH1,B07V3KDRTG,MPT51-0071,$419.96,$105.48,48.70%,,$83.99,25.12%,"$1,083.28",,$96.43,$83.30,$13.13,$854.64,,$3.62,,$3.62,$36.66,,$3.62,,$3.62,$36.66,,$14.47,$15.75,$(1.28),$130.89,,$2.41,,$2.41,$24.44,80.00%,3.00%,3.00%,12.00%,2.00%,100.00%
MP2 Silk Pillowcase 100% Mulberry Worm Silk Pillow Cover for Hair and Skin King Size Both Side 25 Momme 600 Thread Count 1 Pack with Hidden Zipper and,B07W84TNTV,B07W4VY4QQ,MPT21-0128,$58.23,$10.19,17.51%,,$11.65,17.51%,$100.33,,$(1.16),$0.00,$(1.16),$78.42,,$(0.04),,$(0.04),$3.29,,$(0.04),,$(0.04),$3.29,,$(0.17),$0.00,$(0.17),$13.15,,$(0.03),,$(0.03),$2.19,80.00%,3.00%,3.00%,12.00%,2.00%,100.00%
MP2 Weighted Blanket 41 x 60 Inches 10lbs with Removable Coolmax Cooling and Warm Cover for Hot and Cold Sleepers Heavy Blanket with Nano - Ceramic Be,B07V2GKLDG,B07V3KDRTG,MPT51-0065,$329.94,$67.03,25.64%,,$65.99,20.32%,$474.26,,$14.90,$9.33,$5.57,$378.31,,$0.56,,$0.56,$15.63,,$0.56,,$0.56,$15.63,,$2.23,$8.25,$(6.02),$54.27,,$0.37,,$0.37,$10.42,80.00%,3.00%,3.00%,12.00%,2.00%,100.00%
"MP2 Waterproof Mattress Protector Pad Twin XL Size Bed Mattress Cover for Moving 100% Breathable Cooling Cotton Terry  Deep Pocket Fit 4""-17""  Stain R",B07SBDH47W,B07VQDH1CH,MPT16-0031,$769.65,$98.92,31.88%,,$153.93,12.85%,$(121.79),,$73.15,$146.45,$(73.30),$(398.87),,$2.74,,$2.74,$41.56,,$2.74,,$2.74,$41.56,,$10.97,$0.00,$10.97,$166.25,,$1.83,,$1.83,$27.71,80.00%,3.00%,3.00%,12.00%,2.00%,100.00%
MP2 Cozy Sherpa Microfiber Throw Blanket - Fuzzy Soft Fleece Plush Flannel Blanket for Sofa  Couch  Bed  Outdoor  Travel - 50x60 Inches  Aqua Medallio,B07W836X4X,B083XKBQQB,MPT51-0104,$633.33,$129.78,25.20%,,$126.67,20.49%,$121.96,,$26.33,$29.79,$(3.46),$76.64,,$0.99,,$0.99,$6.80,,$0.99,,$0.99,$6.80,,$3.95,$0.00,$3.95,$27.19,,$0.66,,$0.66,$4.53,80.00%,3.00%,3.00%,12.00%,2.00%,100.00%
MP2 Sherpa Fleece Blanket Queen Size Fuzzy Soft Cozy Plush Flannel Blanket for Sofa  Couch  Bed  Outdoor  Travel - 90x90 Inches  Navy,B07W4TD1J9,B083XKBQQB,MPT51-0080,$455.88,$149.68,33.55%,,$91.18,32.83%,$89.53,,$49.40,$3.25,$46.15,$68.95,,$1.85,,$1.85,$3.09,,$1.85,,$1.85,$3.09,,$7.41,$0.00,$7.41,$12.35,,$1.24,,$1.24,$2.06,80.00%,3.00%,3.00%,12.00%,2.00%,100.00%
MP2 Weighted Blanket 36 x 48 Inches 5lbs with Removable Coolmax Cooling and Warm Cover for Hot and Cold Sleepers Heavy Blanket with Nano - Ceramic Bea,B07V2GY7TD,B07V3KDRTG,MPT51-0063,$44.99,$3.69,42.54%,,$9.00,8.20%,$(189.66),,$8.11,$15.45,$(7.34),$(228.43),,$0.30,,$0.30,$5.82,,$0.30,,$0.30,$5.82,,$1.22,$0.00,$1.22,$23.26,,$0.20,,$0.20,$3.88,80.00%,3.00%,3.00%,12.00%,2.00%,100.00%
MP2 Silk Pillowcase 100% Mulberry Worm Silk Pillow Cover for Hair and Skin King Size Both Side 19 Momme 600 Thread Count 1 Pack with Hidden Zipper and,B07WC94HGK,B07W4VY4QQ,MPT21-0122,$36.99,$12.76,43.03%,,$7.40,34.49%,$14.42,,$6.81,$3.16,$3.65,$9.30,,$0.26,,$0.26,$0.77,,$0.26,,$0.26,$0.77,,$1.02,$0.00,$1.02,$3.07,,$0.17,,$0.17,$0.51,80.00%,3.00%,3.00%,12.00%,2.00%,100.00%
MP2 Sherpa Fleece Blanket Queen Size Fuzzy Soft Cozy Plush Flannel Blanket for Sofa  Couch  Bed  Outdoor  Travel - 90x90 Inches  Burgundy,B07W5YDVHN,B083XKBQQB,MPT51-0086,$75.98,$9.79,34.55%,,$15.20,12.88%,$31.67,,$8.84,$16.46,$(7.62),$18.41,,$0.33,,$0.33,$1.99,,$0.33,,$0.33,$1.99,,$1.33,$0.00,$1.33,$7.96,,$0.22,,$0.22,$1.33,80.00%,3.00%,3.00%,12.00%,2.00%,100.00%
MP2 Silk Pillowcase 100% Mulberry Worm Silk Pillow Cover for Hair and Skin Standard Size Both Side 25 Momme 600 Thread Count 1 Pack with Hidden Zipper,B07W4VXWFC,B07W4VY4QQ,MPT21-0138,$29.99,$6.53,35.44%,,$6.00,21.77%,$54.32,,$3.71,$4.10,$(0.39),$41.61,,$0.14,,$0.14,$1.91,,$0.14,,$0.14,$1.91,,$0.56,$0.00,$0.56,$7.62,,$0.09,,$0.09,$1.27,80.00%,3.00%,3.00%,12.00%,2.00%,100.00%
MP2 Sherpa Fleece Blanket King Size Fuzzy Soft Cozy Plush Flannel Blanket for Sofa  Couch  Bed  Outdoor  Travel - 108x90 Inches  Blue Plaid,B07W4TCLYR,B083XKBQQB,MPT51-0093,$988.77,$357.26,37.92%,,$197.75,36.13%,$223.83,,$141.72,$17.65,$124.07,$174.53,,$5.31,,$5.31,$7.39,,$5.31,,$5.31,$7.39,,$21.26,$0.00,$21.26,$29.58,,$3.54,,$3.54,$4.93,80.00%,3.00%,3.00%,12.00%,2.00%,100.00%
MP2 Sherpa Fleece Blanket Twin Size Fuzzy Soft Cozy Plush Flannel Blanket for Sofa  Couch  Bed  Outdoor  Travel - 66x90 Inches  Navy,B07W837C2Y,B083XKBQQB,MPT51-0079,$83.97,$17.13,25.15%,,$16.79,20.40%,$0.33,,$3.46,$3.99,$(0.53),$(0.53),,$0.13,,$0.13,$0.13,,$0.13,,$0.13,$0.13,,$0.52,$0.00,$0.52,$0.52,,$0.09,,$0.09,$0.09,80.00%,3.00%,3.00%,12.00%,2.00%,100.00%
Silk Pillow Cases Standard Size | 100% Mulberry Worm  Both Sides 19 Momme 600 Thread Count Pillow Cover for Hair and Skin w/Hidden Zipper - 1 Pack  Bl,B07W5ZYL2C,B07W4VY4QQ,MPT21-0120,$228.59,$93.02,42.80%,,$45.72,40.69%,$98.34,,$41.69,$4.81,$36.88,$77.05,,$1.56,,$1.56,$3.19,,$1.56,,$1.56,$3.19,,$6.25,$0.00,$6.25,$12.77,,$1.04,,$1.04,$2.13,80.00%,3.00%,3.00%,12.00%,2.00%,100.00%
MP2 Weighted Blanket 41 x 60 Inches 10lbs with Removable Coolmax Cooling and Warm Cover for Hot and Cold Sleepers Heavy Blanket with Nano - Ceramic Be,B07V3LDCDV,B07V3KDRTG,MPT51-0062,$202.87,$42.38,26.74%,,$40.57,20.89%,$814.44,,$10.94,$11.87,$(0.93),$608.64,,$0.41,,$0.41,$30.87,,$0.41,,$0.41,$30.87,,$1.64,$0.00,$1.64,$123.48,,$0.27,,$0.27,$20.58,80.00%,3.00%,3.00%,12.00%,2.00%,100.00%
MP2 Weighted Blanket 60 x 80 Inches 20lbs Queen Size with Removable Coolmax Cooling and Warm Cover for Hot and Cold Sleepers Heavy Blanket with Nano -,B07V2H63QT,B07V3KDRTG,MPT51-0070,"$1,229.74",$456.40,37.94%,,$245.95,37.11%,"$3,352.37",,$176.47,$10.13,$166.34,"$2,582.60",,$6.62,,$6.62,$116.13,,$6.62,,$6.62,$116.13,,$26.47,$0.00,$26.47,$464.51,,,,$0.00,$73.01,80.00%,3.00%,3.00%,12.00%,2.00%,100.00%
Silk Pillow Case 100% Mulberry Worm Both Sides 25 Momme 600 Thread Count  Silk Pillow Cover for Hair and Skin with Hidden Zipper - 1 Pack  Queen Size,B07WCBFXMF,B07W4VY4QQ,MPT21-0130,$482.11,$197.97,41.56%,,$96.42,41.06%,$193.47,,$83.14,$2.37,$80.77,$153.65,,$3.12,,$3.12,$5.97,,$3.12,,$3.12,$5.97,,$12.47,$0.00,$12.47,$23.89,,$2.08,,$2.08,$3.98,80.00%,3.00%,3.00%,12.00%,2.00%,100.00%
MP2 Sherpa Fleece Blanket King Size Fuzzy Soft Cozy Plush Flannel Blanket for Sofa  Couch  Bed  Outdoor  Travel - 108x90 Inches  Navy,B07W6YY51M,B083XKBQQB,MPT51-0081,$85.98,$30.79,38.23%,,$17.20,35.82%,$58.49,,$12.54,$2.08,$10.46,$45.95,,$0.47,,$0.47,$1.88,,$0.47,,$0.47,$1.88,,$1.88,$0.00,$1.88,$7.53,,$0.31,,$0.31,$1.25,80.00%,3.00%,3.00%,12.00%,2.00%,100.00%
MP2 Sherpa Fleece Throw Blanket Fuzzy Soft Cozy Plush Flannel Blanket for Sofa  Couch  Bed  Outdoor  Travel - 50x60 Inches  Navy,B07W4X8PCL,B083XKBQQB,MPT51-0095,$528.77,$143.99,32.31%,,$105.75,27.23%,$(37.30),,$52.09,$26.88,$25.21,$(54.22),,$1.95,,$1.95,$2.54,,$1.95,,$1.95,$2.54,,$7.81,$0.00,$7.81,$10.15,,$1.30,,$1.30,$1.69,80.00%,3.00%,3.00%,12.00%,2.00%,100.00%
"MP2 Heated Sherpa Plush Throw  Electric Lap Blanket 50"" x 60"" with 3 Heating Levels | 2 Hours Auto Off  UL Certified EMF Radiation Safe  Machine Washa",B07ZVQ7ZFQ,B07ZVSVKPV,MPT54-0009,$102.62,$73.30,75.54%,,$20.52,71.43%,#REF!,#REF!,#REF!,$4.22,#REF!,#REF!,,$1.71,,$1.71,$99.01,,$1.71,,$1.71,$99.01,,$6.84,$0.00,$6.84,$268.64,,$1.14,,$1.14,$66.01,#REF!,3.00%,3.00%,12.00%,2.00%,#REF!
MP2 Silk Pillowcase 100% Mulberry Worm Silk Pillow Cover for Hair and Skin Queen Size Both Side 25 Momme 600 Thread Count 1 Pack with Hidden Zipper an,B07W84TMBK,B07W4VY4QQ,MPT21-0139,$34.99,$11.81,38.06%,,$7.00,33.74%,$105.46,,$5.05,$1.51,$3.54,$80.80,,$0.19,,$0.19,$3.70,,$0.19,,$0.19,$3.70,,$0.76,$0.00,$0.76,$14.79,,$0.13,,$0.13,$2.47,80.00%,3.00%,3.00%,12.00%,2.00%,100.00%
MP2 Silk Pillowcase 100% Mulberry Worm Silk Pillow Cover for Hair and Skin Standard Size Both Side 19 Momme 600 Thread Count 1 Pack with Hidden Zipper,B07W84V9RM,B07W4VY4QQ,MPT21-0117,$59.98,$(26.98),1.42%,,$12.00,44.98%,$(506.63),,$(10.28),$26.13,$(36.41),$(544.90),,$(0.39),,$(0.39),$5.74,,$(0.39),,$(0.39),$5.74,,$(1.54),$0.00,$(1.54),$22.96,,$(0.26),,$(0.26),$3.83,80.00%,3.00%,3.00%,12.00%,2.00%,100.00%
MP2 Heated Electric Blanket with 20 Heating Levels 10 Hours Auto Shutoff Dual Controllers | UL Certified EMF Radiation Safe  Machine Washable  King 10,B07ZVQQQPM,B07ZVSVKPV,MPT54-0029,$721.08,$248.63,44.20%,,$144.22,34.48%,$966.79,,$139.61,$0.00,$139.61,$952.88,,$5.24,,$5.24,$35.73,,$5.24,,$5.24,$35.73,,$20.94,$70.10,$(49.16),$(81.39),,$3.49,,$3.49,$23.82,80.00%,3.00%,3.00%,12.00%,2.00%,100.00%
MP2 Fuzzy Fleece Plaid Sherpa Blanket Throw - Cozy Soft Plush Flannel Blanket for Sofa  Couch  Bed  Travel - 50x60 Inches  Black&Grey Plaid,B07W6YWW31,B083XKBQQB,MPT51-0102,$390.83,$101.72,28.58%,,$78.17,26.03%,$149.75,,$26.82,$9.97,$16.85,$116.32,,$1.01,,$1.01,$5.01,,$1.01,,$1.01,$5.01,,$4.02,$0.00,$4.02,$20.06,,$0.67,,$0.67,$3.34,80.00%,3.00%,3.00%,12.00%,2.00%,100.00%
MP2 Sherpa Fleece Blanket Twin Size Fuzzy Soft Cozy Plush Flannel Blanket for Sofa  Couch  Bed  Outdoor  Travel - 66x90 Inches  Burgundy,B07W4TCLNQ,B083XKBQQB,MPT51-0085,$149.95,$35.75,29.03%,,$29.99,23.84%,$(53.19),,$10.83,$7.78,$3.05,$(46.67),,$0.41,,$0.41,$(0.98),,$0.41,,$0.41,$(0.98),,$1.62,$0.00,$1.62,$(3.91),,$0.27,,$0.27,$(0.65),80.00%,3.00%,3.00%,12.00%,2.00%,100.00%
MP2 Heated Electric Blanket with 20 Heating Levels 10 Hours Auto Shutoff Dual Controllers | UL Certified EMF Radiation Safe  Machine Washable  Queen 8,B07ZVN27FX,B07ZVSVKPV,MPT54-0022,$776.08,$134.41,36.06%,,$155.22,17.32%,"$1,417.97",,$99.72,$115.45,$(15.73),"$1,024.99",,$3.74,,$3.74,$92.70,,$3.74,,$3.74,$92.70,,$14.96,$30.00,$(15.04),$145.79,,$2.49,,$2.49,$61.80,80.00%,3.00%,3.00%,12.00%,2.00%,100.00%
"MP2 Heated Mattress Pad Twin XL with 5 Heat Settings and 10 Hours Auto Shut Off Single Controller Electric Mattress Cover | Fit up to 18"" Bed Warmer w",B07ZVSTRW6,B07ZVST8TQ,MPT55-0052,$23.32,$(70.05),267.00%,,$4.66,300.36%,$258.96,,$(53.54),$7.78,$(61.32),$170.99,,$(2.01),,$(2.01),$13.20,,$(2.01),,$(2.01),$13.20,,$(8.03),$0.00,$(8.03),$52.78,,$(1.34),,$(1.34),$8.80,80.00%,3.00%,3.00%,12.00%,2.00%,100.00%
MP2 Silk Pillowcase 100% Mulberry Worm Silk Pillow Cover for Hair and Skin Standard Size Both Side 25 Momme 600 Thread Count 1 Pack with Hidden Zipper,B07W71KX9W,B07W4VY4QQ,MPT21-0129,$29.99,$10.63,35.44%,,$6.00,35.44%,$69.19,,$3.71,$0.00,$3.71,$53.85,,$0.14,,$0.14,$2.30,,$0.14,,$0.14,$2.30,,$0.56,$0.00,$0.56,$9.21,,$0.09,,$0.09,$1.53,80.00%,3.00%,3.00%,12.00%,2.00%,100.00%
"MP2 Heated Sherpa Plush Throw  Electric Lap Blanket 50"" x 60"" with 3 Heating Levels | 2 Hours Auto Off  UL Certified EMF Radiation Safe  Machine Washa",B07ZVQ7JZ8,B07ZVSVKPV,MPT54-0001,$199.96,$16.25,30.31%,,$39.99,8.12%,$400.42,,$16.49,$21.86,$(5.37),$320.02,,$0.62,,$0.62,$15.44,,$0.62,,$0.62,$15.44,,$2.47,$22.50,$(20.03),$39.24,,$0.41,,$0.41,$10.29,80.00%,3.00%,3.00%,12.00%,2.00%,100.00%
MP2 Silk Pillowcase 100% Mulberry Worm Silk Pillow Cover for Hair and Skin Queen Size Both Side 19 Momme 600 Thread Count 1 Pack with Hidden Zipper an,B07W71M3G5,B07W4VY4QQ,MPT21-0115,$32.99,$14.21,43.06%,,$6.60,43.06%,$14.90,,$6.09,$0.00,$6.09,$11.85,,$0.23,,$0.23,$0.46,,$0.23,,$0.23,$0.46,,$0.91,$0.00,$0.91,$1.83,,$0.15,,$0.15,$0.30,80.00%,3.00%,3.00%,12.00%,2.00%,100.00%
MP2 Weighted Blanket 60 x 80 Inches 25lbs Queen Size with Removable Coolmax Cooling and Warm Cover for Hot and Cold Sleepers Heavy Blanket with Nano -,B07V5PVMBC,B07V3KDRTG,MPT51-0073,$33.89,$(28.65),84.54%,,$6.78,84.54%,$711.40,,$(28.34),$0.00,$(28.34),$564.18,,$(1.06),,$(1.06),$22.08,,$(1.06),,$(1.06),$22.08,,$(4.25),$0.00,$(4.25),$88.33,,$(0.71),,$(0.71),$14.72,80.00%,3.00%,3.00%,12.00%,2.00%,100.00%
MP2 Silk Pillowcase 100% Mulberry Worm Silk Pillow Cover for Hair and Skin King Size Both Side 25 Momme 600 Thread Count 1 Pack with Hidden Zipper and,B07W4VY4B4,B07W4VY4QQ,MPT21-0137,$79.98,$30.38,37.99%,,$16.00,37.99%,$103.35,,$11.51,$0.00,$11.51,$77.90,,$0.43,,$0.43,$3.82,,$0.43,,$0.43,$3.82,,$1.73,$0.00,$1.73,$15.27,,$0.29,,$0.29,$2.54,80.00%,3.00%,3.00%,12.00%,2.00%,100.00%
MP2 Sherpa Fleece Blanket King Size Fuzzy Soft Cozy Plush Flannel Blanket for Sofa  Couch  Bed  Outdoor  Travel - 108x90 Inches  Burgundy,B07W96L9HL,B083XKBQQB,MPT51-0087,$42.99,$15.70,37.23%,,$8.60,36.51%,$7.10,,$5.93,$0.31,$5.62,$5.62,,$0.22,,$0.22,$0.22,,$0.22,,$0.22,$0.22,,$0.89,$0.00,$0.89,$0.89,,$0.15,,$0.15,$0.15,80.00%,3.00%,3.00%,12.00%,2.00%,100.00%
MP2 Sherpa Fleece Throw Blanket Fuzzy Soft Cozy Plush Flannel Blanket for Sofa  Couch  Bed  Outdoor  Travel - 50x60 Inches  Burgundy,B07W5YDH7B,B083XKBQQB,MPT51-0097,$22.99,$(17.80),12.66%,,$4.60,77.43%,$(245.14),,$(6.01),$14.89,$(20.90),$(237.81),,$(0.23),,$(0.23),$(1.10),,$(0.23),,$(0.23),$(1.10),,$(0.90),$0.00,$(0.90),$(4.40),,$(0.15),,$(0.15),$(0.73),80.00%,3.00%,3.00%,12.00%,2.00%,100.00%
MP2 Silk Pillowcase 100% Mulberry Worm Silk Pillow Cover for Hair and Skin King Size Both Side 25 Momme 600 Thread Count 1 Pack with Hidden Zipper and Satin Pouch Envelope Gift Package Grey,B07W987G73,B07W4VY4QQ,MPT21-0131,$31.36,$22.73,72.48%,,$6.27,72.48%,$226.38,,$13.17,$0.00,$13.17,$178.79,,$0.49,,$0.49,$7.14,,$0.49,,$0.49,$7.14,,$1.97,$0.00,$1.97,$28.56,,$0.33,,$0.33,$4.76,80.00%,3.00%,3.00%,12.00%,2.00%,100.00%
MP2 Silk Pillowcase 100% Mulberry Worm Silk Pillow Cover for Hair and Skin Standard Size Both Side 19 Momme 600 Thread Count 1 Pack with Hidden Zipper,B07W5ZYCKC,B07W4VY4QQ,MPT21-0111,$29.99,$8.60,42.58%,,$6.00,28.68%,$46.04,,$5.42,$4.17,$1.25,$35.16,,$0.20,,$0.20,$1.63,,$0.20,,$0.20,$1.63,,$0.81,$0.00,$0.81,$6.53,,$0.14,,$0.14,$1.09,80.00%,3.00%,3.00%,12.00%,2.00%,100.00%
MP2 Silk Pillowcase 100% Mulberry Worm Silk Pillow Cover for Hair and Skin Queen Size Both Side 19 Momme 600 Thread Count 1 Pack with Hidden Zipper and Satin Pouch Envelope Gift Package Black,B07W5ZYMRP,B07W4VY4QQ,MPT21-0112,$68.97,$55.34,100.00%,,$13.79,80.24%,$68.05,,$44.14,$13.63,$30.51,$49.36,,$1.66,,$1.66,$2.80,,$1.66,,$1.66,$2.80,,$6.62,$0.00,$6.62,$11.22,,$1.10,,$1.10,$1.87,80.00%,3.00%,3.00%,12.00%,2.00%,100.00%
MP2 Silk Pillowcase 100% Mulberry Worm Silk Pillow Cover for Hair and Skin Standard Size Both Side 25 Momme 600 Thread Count 1 Pack with Hidden Zipper and Satin Pouch Envelope Gift Package Black,B07W986ZQJ,B07W4VY4QQ,MPT21-0126,$0.00,$(1.31),0.00%,,$0.00,0.00%,$76.66,,$0.00,$0.00,$0.00,$61.33,,$0.00,,$0.00,$2.30,,$0.00,,$0.00,$2.30,,$0.00,$0.00,$0.00,$9.20,,$0.00,,$0.00,$1.53,80.00%,3.00%,3.00%,12.00%,2.00%,100.00%
MP2 Silk Pillowcase 100% Mulberry Worm Silk Pillow Cover for Hair and Skin Queen Size Both Side 19 Momme 600 Thread Count 1 Pack with Hidden Zipper and Satin Pouch Envelope Gift Package Taupe,B07W986PF3,B07W4VY4QQ,MPT21-0124,$0.00,$(1.50),0.00%,,$0.00,0.00%,$108.64,,$0.00,$0.00,$0.00,$82.61,,$0.00,,$0.00,$3.90,,$0.00,,$0.00,$3.90,,$0.00,$0.00,$0.00,$15.62,,$0.00,,$0.00,$2.60,80.00%,3.00%,3.00%,12.00%,2.00%,100.00%
MP2 Silk Pillowcase 100% Mulberry Worm Silk Pillow Cover for Hair and Skin King Size Both Side 19 Momme 600 Thread Count 1 Pack with Hidden Zipper and Satin Pouch Envelope Gift Package Taupe,B07WCBGRTG,B07W4VY4QQ,MPT21-0125,$0.00,$(2.87),0.00%,,$0.00,0.00%,$24.60,,$0.00,$0.00,$0.00,$14.37,,$0.00,,$0.00,$1.53,,$0.00,,$0.00,$1.53,,$0.00,$0.00,$0.00,$6.14,,$0.00,,$0.00,$1.02,80.00%,3.00%,3.00%,12.00%,2.00%,100.00%
MP2 Silk Pillowcase 100% Mulberry Worm Silk Pillow Cover for Hair and Skin King Size Both Side 19 Momme 600 Thread Count 1 Pack with Hidden Zipper and Satin Pouch Envelope Gift Package Grey,B07WCB4VL6,B07W4VY4QQ,MPT21-0116,$0.00,$(2.38),0.00%,,$0.00,0.00%,$(162.63),,$0.00,$0.00,$0.00,$(132.28),,$0.00,,$0.00,$(4.55),,$0.00,,$0.00,$(4.55),,$0.00,$0.00,$0.00,$(18.21),,$0.00,,$0.00,$(3.04),80.00%,3.00%,3.00%,12.00%,2.00%,100.00%
MP2 Silk Pillowcase 100% Mulberry Worm Silk Pillow Cover for Hair and Skin King Size Both Side 19 Momme 600 Thread Count 1 Pack with Hidden Zipper and Satin Pouch Envelope Gift Package Black,B07W71KWVR,B07W4VY4QQ,MPT21-0113,$0.00,$(0.25),0.00%,,$0.00,0.00%,$36.85,,$0.00,$0.00,$0.00,$25.34,,$0.00,,$0.00,$1.73,,$0.00,,$0.00,$1.73,,$0.00,$0.00,$0.00,$6.91,,$0.00,,$0.00,$1.15,80.00%,3.00%,3.00%,12.00%,2.00%,100.00%
,,Sub Total,,"$92,950.44","$24,682.76",,20.00%,"$18,590.09",26.55%,#REF!,,#REF!,"$7,485.57",#REF!,#REF!,,$495.10,$0.00,$495.10,"$2,402.53",,$495.10,$0.00,$495.10,"$2,402.53",,"$1,980.42","$2,916.95",$(936.53),"$1,612.61",,$325.66,$0.00,$325.66,"$1,597.27",,,,,,
,,Total,,"$92,950.44","$24,682.76",,20.00%,"$18,590.09",26.55%,#REF!,,#REF!,"$7,485.57",#REF!,#REF!,,$495.10,$0.00,$495.10,"$2,402.53",,$495.10,$0.00,$495.10,"$2,402.53",,"$1,980.42","$2,916.95",$(936.53),"$1,612.61",,$325.66,$0.00,$325.66,"$1,597.27",,,,,,